INSERT INTO student (name, furigana, nickname, email, area, age, gender, remark, is_deleted)
VALUES
('田中 太郎', 'たなか たろう', 'タロちゃん', 'tanaka.taro@example.com', '東京', 30, '男性', '', 1),
('鈴木 花子', 'すずき はなこ', 'はな', 'suzuki.hana@example.com', '神奈川', 299, '女性', '', 0),
('佐藤 次郎', 'さとう じろう', 'ジロ', 'sato.jiro@example.com', '千葉', 20, '男性', '', 0),
('高橋 愛', 'たかはし あい', 'アイちゃん', 'takahashi.ai@example.com', '埼玉', 23, '女性', NULL, 0),
('山本 拓海', 'やまもと たくみ', 'タク', 'yamamoto.takumi@example.com', '大阪', 21, 'その他', NULL, 0),
('井上 美咲', 'いのうえ みさき', 'ミサミサ', 'inoue.misaki@example.com', '東京', 17, '女性', NULL, 0),
('大野 翔太', 'おおの しょうた', 'ショウ', 'ono.shota@example.com', '神奈川', 19, '男性', NULL, 0),
('藤田 翼', 'ふじた つばさ', 'ツバサ', 'fujita.tsubasa@example.com', '埼玉', 39, '男性', NULL, 0),
('西川 結衣', 'にしかわ ゆい', 'ユイちゃん', 'nishikawa.yui@example.com', '千葉', 34, '女性', NULL, 0),
('加藤 剛', 'かとう ごう', 'ゴウさん', 'kato.gou@example.com', '大阪', 41, '男性', NULL, 0),
('桜井 桃香', 'さくらい ももか', 'モモ', 'sakurai.momoka@example.com', '東京', 15, '女性', NULL, 0),
('柴田 真司', 'しばた しんじ', 'シン', 'shibata.shinji@example.com', '神奈川', 44, '男性', NULL, 0),
('長谷川 美月', 'はせがわ みつき', 'ミツキ', 'hasegawa.mitsuki@example.com', '福岡', 31, '女性', NULL, 0),
('村上 大地', 'むらかみ だいち', 'ダイチ', 'murakami.daichi@example.com', '北海道', 38, '男性', NULL, 0),
('山崎 恵子', 'やまざき けいこ', 'ケイさん', 'yamazaki.keiko@example.com', '愛知', 42, '女性', NULL, 0);

INSERT INTO course_master (course_name, description, is_active) VALUES
('Javaコース', 'Java基礎から応用まで', TRUE),
('Webアプリ開発入門', 'Web開発の基礎', TRUE),
('MySQL応用', 'データベース設計と最適化', TRUE),
('Spring Boot超入門', 'Spring Bootフレームワーク入門', TRUE),
('フロントエンド開発', 'HTML/CSS/JavaScript', TRUE),
('ネットワーク基礎', 'ネットワークの基本概念', TRUE),
('API設計と実践', 'RESTful API設計', TRUE),
('セキュリティ基礎', 'Webセキュリティの基礎', TRUE),
('クラウド基礎講座', 'AWSやGCPの基礎', TRUE),
('DevOps実践', 'CI/CD構築', TRUE),
('GitとGitHub入門', 'バージョン管理の基礎', TRUE),
('JUnitテスト基礎', 'ユニットテストの書き方', TRUE),
('デザインパターン入門', 'GoFデザインパターン', TRUE),
('MySQLデータベース基礎', 'SQL基礎とDB操作', TRUE),
('Java基礎コース', 'Java言語の基礎', TRUE),
('Java基礎コース123', 'Java言語の基礎（旧）', TRUE);

INSERT INTO students_courses (studentId, course_name, course_start_date, end_date, student_course_status)
VALUES
(1, 'Java基礎コース123', '2025-05-01 00:00:00', '2025-08-01 00:00:00', '仮申込'),
(2, 'Webアプリ開発入門', '2025-05-10 00:00:00', '2025-09-10 00:00:00', '本申込'),
(3, 'MySQL応用', '2025-06-01 00:00:00', '2025-09-30 00:00:00', '本申込'),
(4, 'Spring Boot超入門', '2025-06-05 00:00:00', '2025-10-05 00:00:00', '本申込'),
(5, 'フロントエンド開発', '2025-07-01 00:00:00', '2025-10-30 00:00:00', '本申込'),
(6, 'ネットワーク基礎', '2025-07-10 00:00:00', '2025-11-10 00:00:00', '受講中'),
(7, 'API設計と実践', '2025-08-01 00:00:00', '2025-12-01 00:00:00', '本申込'),
(8, 'セキュリティ基礎', '2025-08-10 00:00:00', '2025-12-10 00:00:00', '本申込'),
(9, 'クラウド基礎講座', '2025-09-01 00:00:00', '2026-01-01 00:00:00', '受講中'),
(10, 'DevOps実践', '2025-09-10 00:00:00', '2026-01-10 00:00:00', '本申込'),
(11, 'Java基礎コース', '2025-05-01 00:00:00', '2025-08-01 00:00:00', '本申込'),
(12, 'Java基礎コース', '2025-05-01 00:00:00', '2025-08-01 00:00:00', '仮申込'),
(13, 'GitとGitHub入門', '2025-05-15 00:00:00', '2025-08-15 00:00:00', '仮申込'),
(14, 'JUnitテスト基礎', '2025-06-01 00:00:00', '2025-09-01 00:00:00', '仮申込'),
(15, 'デザインパターン入門', '2025-06-10 00:00:00', '2025-09-10 00:00:00', '受講中'),
(16, 'MySQLデータベース基礎', '2025-06-20 00:00:00', '2025-09-20 00:00:00', '本申込'),
(17, 'API設計と実践', '2025-07-01 00:00:00', '2025-10-01 00:00:00', '受講中'),
(18, 'Spring Boot超入門', '2025-07-15 00:00:00', '2025-11-15 00:00:00', '本申込'),
(19, 'フロントエンド開発', '2025-08-01 00:00:00', '2025-11-30 00:00:00', '本申込'),
(20, 'クラウド基礎講座', '2025-08-15 00:00:00', '2025-12-15 00:00:00', '仮申込');
